Haplotype,Size,Sequence
H1,11,ATGACCAACATTCGAAAAACTCACCCACTAGCCAAAACAATTAACAGTTCATTCATTGATTTACCTACCCCTTCAAACATTTCATCATGATGAAACTTTGGATCCCTGCTCGGAATTTGTCTCCTTCTACAGATTGCAACAGGTTTATTCCTAGCCATGCACTACACACCTGACACTACTACAGCCTTCTCATCAGTCACCCATATCTGCCGAGACGTAAATTACGGCTGAATCATCCGATATATACATGCCAACGGAGCTTCCATATTCTTTATTTGCCTATTTCTACACGTAGGACGAGGTCTATACTATGGCTCCTATACCTTATCCGAAACATGGAACATTGGTATTATCTTACTACTAACAGCAATGGCCACTGCATTTATAGGTTACGTATTACCATGAGGACAAATATCCTTTTGAGGAGCAACAGTAATTACAAATCTAATGTCAGCCATCCCTTACATCGGGACTAATCTGGTAGAATGAATCTGAGGGGGGTTCTCAGTCGATAAAGCAACACTAACACGCTTCTTTGCTTTCCACTTCATCCTACCTTTTATTATCGCATCACTAACAATAATCCACCTTTTATTCTTACACGAAACAGGATCAAACAACCCCTCCGGAATTCCATCAGACTCAGACAAAATTCCCTTCCACCCATACTATACAATCAAGGATATCTTAGGTGCTCTAGCACTAACTTTTACTCTAATGATACTAGTACTATTCACACCTGACTTACTCGGAGACCCAGACAACTACACCCCAGCTAACCCACTCAACACCCCTCCCCATATCAAGCCCGAATGATATTTCCTATTTGCATATGCTATCCTACGCTCCATCCCAAACAAGCTAGGAGGAGTTGTAGCCCTAGTACTCTCCATCCTAATTCTAACTATCATCCCATCACTACACACTTCAAAACAACGAAGCATAATATTCCGACCACTCAGCCAATGCCTATTCTGACTCCTAGCAGCAGACCTTCTAACCCTAACATGAATCGGAGGACAACCCGTAGAATACCCTTTTATCACTATCGGCCAACTAGCCTCAATCCTGTACTTCATAACCTTTCTCATTTTCCTACCAGCAACCAGCATCATTGAAAACAACTTACTGAAATGAAGAGCTTAAATGGTCTTCGTA
H2,1,ATGACCAACATTCGAAAAACTCACCCACTAGCCAAAACAATTAACAGTTCATTCATTGATTTACCTACCCCTTCAAACATTTCATCATGATGAAACTTTGGATCCCTGCTCGGAATTTGTCTCCTTCTACAGATTGCAACAGGTTTATTCCTAGCCATGCACTACACACCTGACACTACTACAGCCTTCTCATCAGTCACCCATATCTGCCGAGACGTAAATTACGGCTGAATCATCCGATACATACATGCCAACGGAGCTTCCATATTCTTTATTTGCCTATTTCTACACGTAGGACGAGGTCTATACTATGGCTCCTATACCTTATCCGAAACATGGAACATTGGTATTATCTTACTACTAACAGCAATGGCCACTGCATTTATAGGTTACGTATTACCATGAGGACAAATATCCTTTTGAGGAGCAACAGTAATTACAAATCTAATGTCAGCTATCCCTTACATCGGGACTAATCTGGTAGAATGAATCTGAGGGGGGTTCTCAGTCGATAAAGCAACACTAACACGCTTCTTTGCTTTCCACTTCATCCTACCTTTTATTATCGCATCACTAACAATAATCCACCTTTTATTCTTACACGAAACAGGATCAAACAACCCCTCCGGAATTCCATCAGACTCAGACAAAATTCCCTTCCACCCATACTATACAATCAAGGATATCTTAGGTGCTCTAGCACTAACTTTTATTCTAATGATACTAGTACTATTCACACCTGACTTACTCGGAGACCCAGACAACTACACCCCAGCTAACCCACTCAACACCCCTCCCCATATCAAGCCCGAATGATATTTCCTATTTGCATATGCTATCCTACGCTCCATCCCAAACAAGCTAGGAGGAGTTGTAGCCCTAGTACTCTCCATCCTAATTCTAACTATCATCCCATCACTACACACTTCAAAACAACGAAGCATAATATTCCGACCACTCAGCCAATGCCTATTCTGACTCCTAGCAGCAGACCTTCTAACCCTAACATGAATCGGAGGACAACCCGTAGAATACCCTTTTATCACTATCGGCCAACTAGCCTCAATCCTGTACTTCATAACCTTTCTCATTTTCCTACCAGCAACCAGCATCATTGAAAACAACTTACTGAAATGAAGAACTTAAATGGTCTTCGTA
H3,1,ATGACCAACATTCGAAAAACCCACCCCCTAGTCAAAATAATTAACAGTTCATTTATTGATTTACCTACTCCTTCGAATATCTCATCATGATGAAACTTCGGGTCCCTACTCGGAGTTTGCCTTCTTCTACAGATTGCAACAGGTCTATTCCTGGCCATACACTACACACCAGACACTACTACAGCCTTCTCGTCAATCACTCACATCTGCCGAGACGTAAATTATGGCTGAATTATCCGATACATACATGCCAACGGAGCCTCTATATTCTTTATTTGCCTATTTTTACATGTAGGACGAGGCTTATACTATGGCTCTTACACTTTCTCCGAAACATGAAACATTGGCATTATCCTACTGCTAGCAGTAATAGCCACTGCATTTATAGGTTACGTACTACCATGAGGACAAATATCCTTTTGAGGAGCAACAGTAATCACAAATCTTCTATCAGCCATCCCTTACATCGGAACTAACTTAGTAGAATGAATCTGAGGGGGATTCTCAGTCGATAAGGCAACACTAACACGCTTCTTTGCCTTTCATTTCATCCTACCTTTTATTATCTCATCACTAGCAGTAATTCACCTTTTATTCTTACATGAAACAGGATCAAACAACCCTTCCGGAATTCCATCCAACTCAGACAAAATCCCCTTCCATCCATATTATACAATCAAAGATATCTTGGGTGTTCTGACACTAACTTTCATTCTAATGATGCTAGTACTATTTACACCTGACCTGCTAGGAGATCCAGACAACTACACTCCAGCTAACCCGCTCAATACCCCTCCCCATATCAAGCCCGAATGATACTTCCTATTTGCATACACTATTCTACGCTCCATCCCAAACAAATTAGGAGGAGTCCTAGCTCTAGTACTCTCTATTATAGTCCTAGCTATTGCCCCACTACTACATACCTCAAAGCAACGAAGCATAATATTCCGACCACTCAGCCAATGTTTATTTTGACTGTTAACGGCAAACCTCCTAACCCTAACATGAATCGGAGGACAACCCGTAGAATACCCTTTTATCACCATCGGCCAACTAGCCTCAATCTTGTACTTCGTAATTCTCCTCATTCTCCTACCAGTAACCAGCATCATCGAAAACAACTTACTAAAATGATAAACTTAAATAGTCTTCGTA
H4,20,ATGACCAACATTCGAAAAACCCACCCCCTAGCCAAAATAATTAACAGTTCATTTATTGATTTACCTACTCCCTCGAATATCTCATCATGATGAAACTTCGGGTCCCTACTCGGAGTTTGTCTCCTTCTACAGATTGCAACAGGTCTATTCCTGGCCATACACTACACACCAGACACTACTACAGCCTTCTCGTCAATCACTCATATCTGCCGAGACGTAAATTATGGCTGAATTATCCGATACATACATGCCAATGGAGCCTCTATATTCTTTATTTGCCTATTTCTACATGTAGGACGAGGCTTATACTATGGCTCTTACACTTTCTCCGAAACATGAAACATTGGCATTATCCTACTGCTAACAGTAATAGCCACTGCATTTATAGGTTACGTACTACCATGAGGACAAATATCCTTTTGAGGAGCAACAGTAATCACAAATCTTCTGTCAGCCATCCCTTACATCGGAACTAACCTAGTAGAATGAATCTGAGGAGGATTCTCAGTCGATAAAGCAACACTAACACGCTTCTTTGCCTTCCATTTCATCCTACCTTTTATTATCTCATCACTAGCAGTAATTCACCTTTTATTCTTACATGAAACAGGATCAAACAACCCTTCCGGAATTCCATCCAACTCAGACAAAATCCCCTTCCATCCATATTATACAATCAAAGATATCTTAGGTATTCTGACACTAACTTTCATTCTAATGATGCTAGTACTATTTACACCTGACCTGCTAGGAGATCCAGACAACTACACCCCAGCTAACCCGCTCAATACCCCTCCCCATATCAAGCCCGAATGATACTTCCTATTTGCATACACTATTCTACGCTCCATCCCAAACAAATTAGGAGGAGTCCTAGCCCTAGTACTCTCTATTATAGTCCTAGCTATTGCCCCACTACTACATACTTCAAAGCAACGAAGCATAATATTCCGACCACTCAGCCAATGTTTATTCTGACTGTTAACGGCAGACCTCCTAACCCTAACATGAATTGGAGGACAACCCGTAGAATACCCTTTCATCACCATCGGCCAACTAGCCTCAATCTTGTACTTTGTAATTATCCTCATTCTCCTACCAGTAATCAGCATCATCGAAAACAACCTACTAAAATGAAAAACTTAAATAGTCTTCGTA
H5,1,ATGACCAACATTCGAAAAACCCACCCCCTAGCCAAAATAATTAACAGTTCATTTATTGATTTACCTACTCCCTCGAATATCTCATCATGATGAAACTTCGGGTCCCTACTCGGAGTTTGTCTCCTTCTACAGATTGCAACAGGTCTATTCCTGGCCATACACTACACACCAGACACTACTACAGCCTTCTCGTCAATCACTCATATCTGCCGAGACGTAAATTATGGCTGAATTATCCGATACATACATGCCAACGGAGCCTCTATATTCTTTATTTGCCTATTTTTACATGTAGGACGAGGCTTATACTATGGCTCTTACACTTTCTCCGAAACATGAAACATTGGCATTATCCTACTGCTAGCAGCAATAGCCACTGCATTTATAGGTTACGTACTACCATGAGGACAAATATCCTTTTGAGGAGCAACAGTAATCACAAATCTTCTGTCAGCCATCCCTTACATCGGAACTAACCTAGTAGAATGAATCTGAGGGGGATTCTCAGTCGATAAGGCAACACTAACACGCTTCTTTGCCTTCCATTTCATCCTACCTTTTATTATCTCATCACTAGCAGTAATTCACCTTTTATTCTTACATGAAACAGGATCAAACAACCCTTCCGGAATTCCATCCAACTCAGACAAAATCCCCTTCCATCCATATTATACAATCAAAGATATCTTAGGTATTCTGACACTAACTTTCATTCTAATGATACTAGTACTATTTACACCTGACCTGCTAGGAGATCCAGACAACTACACCCCAGCTAACCCGCTCAATACCCCTCCCCATATCAAGCCCGAATGATACTTCCTATTTGCATACACTATTCTACGCTCCATCCCAAACAAATTAGGAGGAGTCCTAGCCCTAGTACTCTCTATTACAGTCCTAGCTATTGCCCCACTACTACATACTTCAAAGCAACGAAGCATAATATTCCGACCACTCAGCCAATGTTTATTCTGACTGTTAACGGCAGACCTCCTAACCCTAACATGAATTGGAGGACAACCCGTAGAATACCCCTTCATCACCATCGGCCAACTAGCCTCAATCTTGTACTTTGTAATTCTCCTCATTCTCCTACCAGTAATCAGCATCATCGAAAACAACTTACTAAAATGAAAAACTTAAATAGTCTTCGTA
H6,1,ATGACCAACATTCGAAAAACCCACCCCCTAGCCAAAATAATTAACAGTTCATTTATTGATTTACCTACTCCCTCGAATATCTCATCATGATGAAACTTCGGGTCCCTACTCGGAGTTTGTCTCCTTCTACAGATTGCAACAGGTCTATTCCTGGCCATACACTACACACCAGACACTACTACAGCCTTCTCGTCAATCACTCATATCTGCCGAGACGTAAATTATGGCTGAATTATCCGATACATACATGCCAACGGAGCCTCTATATTCTTTATTTGCCTATTTTTACATGTAGGACGAGGCTTATACTATGGCTCTTACACTTTCTCCGAAACATGAAACATTGGCATTATCCTACTGCTAGCAGTAATAGCCACTGCATTTATAGGTTACGTACTACCATGAGGACAAATATCCTTTTGAGGAGCAACAGTAATCACAAATCTTCTGTCAGCCATCCCTTACATCGGAACTAACCTAGTAGAATGAATCTGAGGGGGATTCTCAGTCGATAAGGCAACACTAACACGCTTCTTTGCCTTCCATTTCATCCTACCTTTTATTATCTCATCACTAGCAGTAATTCACCTTTTATTCTTACATGAAACAGGATCAAACAACCCTTCCGGAATTCCATCCAACTCAGACAAAATCCCCTTCCATCCATATTATACAATCAAAGATATCTTAGGTATTCTGACACTAACTTTCATTCTAATGATACTAGTACTATTTACACCTGACCTGCTAGGAGATCCAGACAACTACACCCCAGCTAACCCGCTCAATACCCCTCCCCATATCAAGCCCGAATGATACTTCCTATTTGCATACACTATTCTACGCTCCATCCCAAACAAATTAGGAGGAGTCCTAGCCCTAGTACTCTCTATTACAGTCCTAGCTATTGCCCCACTACTACATACTTCAAAGCAACGAAGCATAATATTCCGACCACTCAGCCAATGTTTATTCTGACTGTTAACGGCAGACCTCCTAACCCTAACATGAATTGGAGGACAACCCGTAGAATACCCCTTCATCACCATCGGCCAACTAGCCTCAATCTTGTACTTTGTAATTCTCCTCATTCTCCTACCAGTAATCAGCATCATCGAAAACAACTTACTAAAATGAAAAACTTAAATAGTCTTCGTA
H7,1,ATGACCAACATTCGAAAAACCCACCCCCTAGCCAAAATAATTAACAGTTCATTTATTGATTTACCTACTCCCTCGAATATCTCATCATGATGAAACTTCGGGTCCCTACTCGGAGTTTGTCTCCTTCTACAGATTGCAACAGGTCTATTCCTGGCCATACACTACACACCAGACACTACTACAGCCTTCTCGTCAATCACTCATATCTGCCGAGACGTAAATTATGGCTGAATTATCCGATACATACATGCCAACGGAGCCTCTATATTCTTTATTTGCCTATTTTTACATGTAGGACGAGGCTTATACTATGGCTCTTACACTTTCTCCGAAACATGAAACATTGGCATTATCCTACTGCTAGCAGTAATAGCCACTGCATTTATAGGTTACGTACTACCATGAGGACAAATATCCTTTTGAGGAGCAACAGTAATCACAAATCTTCTGTCAGCCATCCCTTACATCGGAACTAACCTAGTAGAATGAATCTGAGGGGGATTCTCAGTCGATAAGGCAACACTAACACGCTTCTTTGCCTTCCATTTCATCCTACCTTTTATTATCTCATCACTAGCAGTAATTCACCTTTTATTCTTACATGAAACAGGATCAAACAACCCTTCCGGAATTCCATCCAACTCAGACAAAATCCCCTTCCATCCATATTATACAATCAAAGATATCTTAGGTATTCTGACACTAACTTTCATTCTAATGATGCTAGTACTATTTACACCTGACCTGCTAGGAGATCCAGACAACTACACCCCAGCTAACCCGCTCAATACCCCTCCCCATATCAAGCCCGAATGATACTTCCTATTTGCATACACTATTCTACGCTCCATCCCAAACAAATTAGGAGGAGTCCTAGCCCTAGTACTCTCTATTATAGTCCTAGCTATTGCCCCACTACTACATACTTCAAAGCAACGAAGCATAATATTCCGACCACTCAGCCAATGTTTATTCTGACTGTTAACGGCAGACCTCCTAACCCTAACATGAATTGGAGGACAACCCGTAGAATACCCCTTCATCACCATCGGCCAACTAGCCTCAATCTTGTACTTTGTAATTCTCCTCATTCTCCTACCAGTAATCAGCATCATCGAAAACAACTTACTAAAATGAAAAACTTAAATA---------
H8,1,ATGACCAACATTCGAAAAACCCACCCCCTAGCCAAAATAATTAACAGTTCATTTATTGATTTACCTACTCCCTCGAATATCTCATCATGATGAAACTTCGGGTCCCTACTCGGAGTTTGTCTCCTTCTACAGATTGCAACAGGTCTATTCCTGGCCATACACTACACACCAGACACTACTACAGCCTTCTCGTCAATCACTCATATCTGCCGAGACGTAAATTATGGCTGAATTATCCGATACATACATGCCAACGGAGCCTCTATATTCTTTATTTGCCTATTTTTACATGTAGGACGAGGCTTATACTATGGCTCTTACACTTTCTCCGAAACATGAAACATTGGCATTATCCTACTGCTAGCAGTAATAGCCACTGCATTTATAGGTTACGTACTACCATGAGGACAAATATCCTTTTGAGGAGCAACAGTAATCACAAATCTTCTGTCAGCCATCCCTTACATCGGAACTAACCTAGTAGAATGAATCTGAGGGGGATTCTCAGTCGATAAGGCAACACTAACACGCTTCTTTGCCTTCCATTTCATCCTACCTTTTATTATCTCATCACTAGCAGTAATTCACCTTTTATTCTTACATGAAACAGGATCAAACAACCCTTCCGGAATTCCATCCAACTCAGACAAAATCCCCTTCCATCCATATTATACAATCAAAGATATCTTAGGTATTCTGACACTAACTTTCATTCTAATGATGCTAGTACTATTTACACCTGACCTGCTAGGAGATCCAGACAACTACACCCCAGCTAACCCGCTCAATACCCCTCCCCATATCAAGCCCGAATGATACTTCCTATTTGCATACACTATTCTACGCTCCATCCCAAACAAATTAGGAGGAGTCCTAGCCCTAGTACTCTCTATTATAGTCCTAGCTATTGCCCCACTACTACATACTTCAAAGCAACGAAGCATAATATTCCGACCACTCAGCCAATGTTTATACTGACTGTTAACGGCAGACCTCCTAACCCTAACATGAATTGGAGGACAACCCGTAGAATACCCCTTCATCACCATCGGCCAACTAGCCTCAATCTTGTACTTTGTAATTCTCCTCATTCTCCTACCAGTAATCAGCATCATCGAAAACAACTTACTAAAATGAAAAACTTAAATAGTCTTCGTA
H9,8,ATGACCAACATTCGAAAAACCCACCCCCTAGCCAAAATAATTAACAGTTCATTTATTGATTTACCTACTCCCTCGAATATCTCATCATGATGAAACTTCGGGTCCCTACTCGGAGTTTGTCTCCTTCTACAGATTGCAACAGGTCTATTCCTGGCCATACACTACACACCAGACACTACTACAGCCTTCTCGTCAATCACTCATATCTGCCGAGACGTAAATTATGGCTGAATTATCCGATACATACATGCCAACGGAGCCTCTATATTCTTTATTTGCCTATTTTTACATGTAGGACGAGGCTTATACTATGGCTCTTACACTTTCTCCGAAACATGAAACATTGGCATTATCCTACTGCTAGCAGTAATAGCCACTGCATTTATAGGTTACGTACTACCATGAGGACAAATATCCTTTTGAGGAGCAACAGTAATCACAAATCTTCTGTCAGCCATCCCTTACATCGGAACTAACCTAGTAGAATGAATCTGAGGGGGATTCTCAGTCGATAAGGCAACACTAACACGCTTCTTTGCCTTCCATTTCATCCTACCTTTTATTATCTCATCACTAGCAGTAATTCACCTTTTATTCTTACATGAAACAGGATCAAACAACCCTTCCGGAATTCCATCCAACTCAGACAAAATCCCCTTCCATCCATATTATACAATCAAAGATATCTTAGGTATTCTGACACTAACTTTCATTCTAATGATGCTAGTACTATTTACACCTGACCTGCTAGGAGATCCAGACAACTACACCCCAGCTAACCCGCTCAATACCCCTCCCCATATCAAGCCCGAATGATACTTCCTATTTGCATACACTATTCTACGCTCCATCCCAAACAAATTAGGAGGAGTCCTAGCCCTAGTACTCTCTATTATAGTCCTAGCTATTGCCCCACTACTACATACTTCAAAGCAACGAAGCATAATATTCCGACCACTCAGCCAATGTTTATTCTGACTGTTAACGGCAGACCTCCTAACCCTAACATGAATTGGAGGACAACCCGTAGAATACCCCTTCATCACCATCGGCCAACTAGCCTCAATCTTGTACTTTGTAATTCTCCTCATTCTCCTACCAGTAATCAGCATCATCGAAAACAACTTACTAAAATGAAAAACTTAAATAGTCTTCGTA
H10,1,ATGACCAACATTCGAAAAACCCACCCCCTAGCCAAAATAATTAACAGTTCATTTATTGATTTACCTACTCCCTCGAATATCTCATCATGATGAAACTTCGGGTCCCTACTCGGAGTTTGTCTCCTTCTACAGATTGCAACAGGTCTATTCCTGGCCATACACTACACACCAGACACTACTACAGCCTTCTCGTCAATCACTCATATCTGCCGAGACGTAAATTATGGCTGAATTATCCGATACATACATGCCAACGGAGCCTCTATATTCTTTATTTGCCTATTTTTACATGTAGGACGAGGCTTATACTATGGCTCTTACACTTTCTCCGAAACATGAAACATTGGCATTATCCTACTGCTAGCAGTAATAGCCACTGCATTTATAGGTTACGTACTACCATGAGGACAAATATCCTTTTGAGGAGCAACAGTAATCACAAATCTTCTGTCAGCCATCCCTTACATCGGAACTAACCTAGTAGAATGAATCTGAGGGGGATTCTCAGTCGATAAGGCAACACTAACACGCTTCTTTGCCTTCCATTTCATCCTACCTTTTATTATCTCATCACTAGCAGTAATTCACCTTTTATTCTTACATGAAACAGGATCAAACAACCCTTCCGGAATTCCATCCAACTCAGACAAAATCCCATTCCATCCATATTATACAATCAAAGATATCTTAGGTATTCTGACACTAACTTTCATTCTAATGATGCTAGTACTATTTACACCTGACCTGCTAGGAGATCCAGACAACTACACCCCAGCTAACCCGCTCAATACCCCTCCCCATATCAAGCCCGAATGATACTTCCTATTTGCATACACTATTCTACGCTCCATCCCAAACAAATTAGGAGGAGTCCTAGCCCTAGTACTCTCTATTATAGTCCTAGCTATTGCCCCACTACTACATACTTCAAAGCAACGAAGCATAATATTCCGACCACTCAGCCAATGTTTATTCTGACTGTTAACGGCAGACCTCCTAACCCTAACATGAATTGGAGGACAACCCGTAGAATACCCCTTCATCACCATCGGCCAACTAGCCTCAATCTTGTACTTTGTAATTCTCCTCATTCTCCTACCAGTAATCAGCATCATCGAAAACAACTTACTAAAATGAAAAACTTAAATAGTCTTCGTA
H11,1,ATGACCAACATTCGAAAAACCCACCCCCTAGCCAAAATAATTAACAGTTCATTTATTGATTTACCTACTCCCTCGAATATCTCATCATGATGAAACTTCGGGTCCCTACTCGGAGTTTGTCTCCTTCTACAGATTGCAACAGGTCTATTCCTGGCCATACACTACACACCAGACACTACTACAGCCTTCTCGTCAATCACTCATATCTGCCGAGACGTAAATTATGGCTGAATTATCCGATACATACATGCCAATGGAGCCTCTATATTCTTTATTTGCCTATTTCTACATGTAGGACGAGGCTTATACTATGGCTCTTACACTTTCTCCGAAACATGAAACATTGGCATTATCCTACTGCTAACAGTAATAGCCACTGCATTTATAGGTTACGTACTACCATGAGGACAAATATCCTTTTGAGGAGCAACAGTAATCACAAATCTTCTGTCAGCCATCCCTTACATCGGAACTAACCTAGTAGAATGAATCTGAGGAGGATTCTCAGTCGATAAGGCAACACTAACACGCTTCTTTGCCTTCCATTTCATCCTACCTTTTATTATCTCATCACTAGCAGTAATTCACCTTTTATTCTTACATGAAACAGGATCAAACAACCCTTCCGGAATTCCATCCAACTCAGACAAAATCCCCTTCCATCCATATTATACAATCAAAGATATCTTAGGTATTCTGACACTAACTTTCATTCTAATGATGCTAGTACTATTTACACCTGACCTGCTAGGAGATCCAGACAACTACACCCCAGCTAACCCGCTCAATACCCCTCCCCATATCAAGCCCGAATGATACTTCCTATTTGCATACACTATTCTACGCTCCATCCCAAACAAATTAGGAGGAGTCCTAGCCCTAGTACTCTCTATTATAGTCCTAGCTATTGCCCCACTACTACATACTTCAAAGCAACGAAGCATAATATTCCGACCACTCAGCCAATGTTTATTCTGACTGTTAACGGCAGACCTCCTAACCCTAACATGAATTGGAGGACAACCCGTAGAATACCCTTTCATCACCATCGGCCAACTAGCCTCAATCTTGTACTTTGTAATTATCCTCATTCTCCTACCAGTAATCAGCATCATCGAAAACAACCTACTAAAATGAAAAACTTAAATAGTCTTCGTA
H12,1,ATGACCAACATTCGAAAAACCCACCCCCTAGCCAAAATAATTAACAGTTCATTTATTGATTTACCTACTCCCTCGAATATCTCATCATGATGAAACTTCGGGTCCCTACTCGGAATTTGTCTCCTTCTACAGATTGCAACAGGTCTATTCCTGGCCATACACTACACACCAGACACTACTACAGCCTTCTCGTCAATCACTCATATCTGCCGAGACGTAAATTATGGCTGAATTATCCGATACATACATGCCAACGGAGCCTCTATATTCTTTATTTGCCTATTTTTACATGTAGGACGAGGCTTATACTATGGCTCTTACACTTTCTCCGAAACATGAAACATTGGCATTATCCTACTGCTAGCAGTAATAGCCACTGCATTTATAGGTTACGTACTACCATGAGGACAAATATCCTTTTGAGGAGCAACAGTAATCACAAATCTTCTGTCAGCCATCCCTTACATCGGAACTAACCTAGTAGAATGAATCTGAGGGGGATTCTCAGTCGATAAGGCAACACTAACACGCTTCTTTGCCTTCCATTTCATCCTACCTTTTATTATCTCATCACTAGCAGTAATTCACCTTTTATTCTTACATGAAACAGGATCAAACAACCCTTCCGGAATTCCATCCAACTCAGACAAAATCCCCTTCCATCCATATTATACAATCAAAGATATCTTAGGTATTCTGACACTAACTTTCATTCTAATGATGCTAGTACTATTTACACCTGACCTGCTAGGAGATCCAGACAACTACACCCCAGCTAACCCGCTCAATACCCCTCCCCATATCAAGCCCGAATGATACTTCCTATTTGCATACACTATTCTACGCTCCATCCCAAACAAATTAGGAGGAGTCCTAGCCCTAGTACTCTCTATTATAGTCCTAGCTATTGCCCCACTACTACATACTTCAAAGCAACGAAGCATAATATTCCGACCACTCAGCCAATGTTTATTCTGACTGTTAACGGCAGACCTCCTAACCCTAACATGAATTGGAGGACAACCCGTAGAATACCCCTTCATCACCATCGGCCAACTAGCCTCAATCTTGTACTTTGTAATTCTCCTCATTCTCCTACCAGTAATCAGCATCATCGAAAACAACTTACTAAAATGAAAAACTTAAATAGTCTTCGTA
H13,1,ATGACCAACATTCGAAAAACCCACCCCCTAGCCAAAATAATTAACAGTTCATTTATTGATTTACCTACTCCCTCGAATATCTCATCATGATGAAACTTCGGGTCCCTACTCGGAGTTTGTCTCCTTCTACAGATTGCAACAGGTCTATTCCTGGCCATACACTACACACCAGACACTACTACAGCCTTCTCGTCAATCACTCATATCTGCCGAGACGTAAATTATGGCTGAATTATCCGATACATACATGCCAACGGAGCCTCTATATTCTTTATTTGCCTATTTTTACATGTAGGACGAGGCTTATACTATGGCTCTTACACTTTCTCCGAAACATGAAACATTGGCATTATCCTACTGCTAGCAGTAATAGCCACTGCATTTATAGGTTACGTACTACCATGAGGACAAATATCCTTTTGAGGAGCAACAGTAATCACAAATCTTCTGTCAGCCATCCCTTACATCGGAACTAACCTAGTAGAATGAATCTGAGGGGGATTCTCAGTCGATAAGGCAACACTAACACGCTTCTTTGCCTTCCATTTCATCCTACCTTTTATTATCTCATCACTAGCAGTAATTCACCTTTTATTCTTACATGAAACAGGATCAAACAACCCTTCCGGAATTCTATCCAACTCAGACAAAATCCCCTTCCATCCATATTATACAATCAAAGATATCTTAGGTATTCTGACACTAACTTTCATTCTAATGATGCTAGTACTATTTACACCTGACCTGCTAGGAGATCCAGACAACTACACCCCAGCTAACCCGCTCAATACCCCTCCCCATATCAAGCCCGAATGATACTTCCTATTTGCATACACTATTCTACGCTCCATCCCAAACAAATTAGGAGGAGTCCTAGCCCTAGTACTCTCTATTATAGTCCTAGCTATTGCCCCACTACTACATACTTCAAAGCAACGAAGCATAATATTCCGACCACTCAGCCAATGTTTATTCTGACTGTTAACGGCAGACCTCCTAACCCTAACATGAATTGGAGGACAACCCGTAGAATACCCCTTCATCACCATCGGCCAACTAGCCTCAATCTTGTACTTTGTAATTCTCCTCATTCTCCTACCAGTAATCAGCATCATCGAAAACAACTTACTAAAATGAAAAACTTAAATAGTCTTCGTA
H14,7,ATGACCAACATCCGAAAGACCCACCCACTAGCCAAAACAATTAACAGTTCATTTATTGATTTACCTACCCCCTCAAATATTTCATCATGATGAAACTTCGGGTCCCTGCTCGGAGTTTGTCTCCTTCTACAGATTGCAACAGGCCTATTCCTGGCTATACACTACACACCGGACACTACTACAGCCTTCTCGTCAATCACTCACATCTGCCGAGACGTAAATTATGGCTGAATTATCCGATACACACATGCCAACGGAGCCTCCATGTTCTTTATTTGCCTATTTTTACATGTAGGGCGAGGCTTATACTATGGCTCTTACACTTTCTCCGAAACATGAAACATTGGCATTATCCTACTGCTAGCAGTAATAGCCACTGCATTTATAGGTTACGTATTACCATGAGGACAAATATCCTTTTGAGGAGCAACAGTAATCACAAATCTCCTATCAGCCGTCCCTTACGTCGGAACTAACTTAGTAGAATGAGTCTGAGGAGGATTCTCAGTCGATAAAGCAACACTAACACGCTTCTTTGCCTTACATTTTATCCTGCCTTTTATTATCTCCTCACTAGCAGTAATTCACCTTTTATTTTTACATGAAACAGGATCAAATAACCCTTCCGGAATTCCATCCAACTCAGACATAATCCCCTTCCACCCATATTATACAATCAAAGATATCTTAGGTGTTCTGACACTAACTTTCATTCTAATGATACTAGTACTATTTACACCTGACCTACTAGGGGACCCAGACAACTACACCCCAGCTAATCCGCTCAACACCCCTCCCCATATCAAGCCCGAATGATACTTCCTATTTGCATACACTATTCTACGTTCCATCCCAAACAAGTTAGGAGGAGTCCTAGCCCTAGTACTCTCTATTATAGTCCTAGCTATTACCCCGTTACTACATACTTCAAAGCAACGAAGCATAATATTCCGACCACTTAGCCAATGTTTATTTTGACTGTTAACGGCAGACCTCCTAACCCTAACATGAATCGGAGGACAACCCGTAGAATACCCTTTTATCACCATCGGCCAACTAGCCTCAATCTTGTACTTTGTAATTCCCCTCATTCTTCTACCGGTAATCAGCATCATTGAAAACAACTTACTAAATTGAAAAACTTAAGTGGTCTTCGTA
H15,1,ATGACCAACACCCGAAAGACCCACCCACTAGCCAAAACAATTAACAGTTCATTTATTGATTTACCTACCCCCTCAAATATTTCATCATGATGAAACTTCGGGTCCCTGCTCGGAGTTTGTCTCCTTCTACAGATTGCAACAGGCCTATTCCTGGCTATACACTACACACCGGACACTACTACAGCCTTCTCGTCAATCACTCACATCTGCCGAGACGTAAATTATGGCTGAATTATCCGATACACACATGCCAACGGAGCCTCCATGTTCTTTATTTGCCTATTTTTACATGTAGGGCGAGGCTTATACTATGGCTCTTACACTTTCTCCGAAACATGAAACATTGGCATTATCCTACTGCTAGCAGTAATAGCCACTGCATTTATAGGTTACGTATTACCATGAGGACAAATATCCTTTTGAGGAGCAACAGTAATCACAAATCTCCTATCAGCCGTCCCTTACGTCGGAACTAACTTAGTAGAATGAGTCTGAGGAGGATTCTCAGTCGATAAAGCAACACTAACACGCTTCTTTGCCTTACATTTTATCCTGCCTTTTATTATCTCCTCACTAGCAGTAATTCACCTTTTATTTTTACATGAAACAGGATCAAATAACCCTTCCGGAATTCCATCCAACTCAGACATAATCCCCTTCCACCCATATTATACAATCAAAGATATCTTAGGTGTTCTGACACTAACTTTCATTCTAATGATACTAGTACTATTTACACCTGACCTACTAGGGGACCCAGACAACTACACCCCAGCTAATCCGCTCAACACCCCTCCCCATATCAAGCCCGAATGATACTTCCTATTTGCATACACTATTCTACGTTCCATCCCAAACAAGTTAGGAGGAGTCCTAGCCCTAGTACTCTCTATTATAGTCCTAGCTATTACCCCGTTACTACATACTTCAAAGCAACGAAGCATAATATTCCGACCACTTAGCCAATGTTTATTTTGACTGTTAACGGCAGACCTCCTAACCCTAACATGAATCGGAGGACAACCCGTAGAATACCCTTTTATCACCATCGGCCAACTAGCCTCAATCTTGTACTTTGTAATTCCCCTCATTCTTCTACCGGTAATCAGCATCATTGAAAACAACTTACTAAATTGAAAAACTTAAGTGGTCTTCGTA
H16,6,ATGACCAACATCCGAAAGACTCACCCACTAGCCAAAACAATTAACAGTTCATTTATTGATTTACCCACTCCCTCAAATATTTCATCATGATGAAACTTCGGGTCCCTGCTCGGAGTTTGTCTCCTTCTACAGATTGCAACAGGCCTATTCCTGGCCATACACTACACACCAGACACTACTACAGCCTTCTCGTCAATCACTCACATCTGCCGAGACGTAAATTATGGCTGAATTATCCGATACACACACGCCAATGGGGCCTCCATATTCTTTATTTGCCTATTTTTACATGTAGGACGAGGCTTGTACTATGGCTCTTACACTTTCTCCGAAACATGAAACATTGGCATTATCCTACTGCTAGCAGTAATAGCTACCGCTTTTATAGGTTACGTATTACCATGAGGACAAATATCCTTTTGAGGAGCAACAGTAATCACAAATCTTTTATCAGCCATCCCTTACATCGGAACTAACTTAGTAGAATGAATCTGAGGGGGATTCTCAGTCGATAAGGCAACACTAACACGCTTCTTTGCCTTCCATTTTATCCTGCCTTTTATTATCTCATCACTAGCAGCAATTCACCTTTTATTCTTACATGAAACAGGATCAAACAACCCTTCCGGAATTCCATCCAACTCAGATAAAATCCCCTTCCATCCATACTATACAATCAAAGATATCTTAGGTGTTCTGACACTAACCTTCATTCTAATGATACTAGTACTATTTACACCTGACCTACTAGGAGATCCAGACAACTACACCCCAGCTAACCCGCTCAACACCCCTCCCCATATCAAGCCCGAATGATACTTCCTATTTGCATACACTATTCTACGCTCTATCCCAAACAAGTTAGGAGGAGTCCTAGCCCTAGTACTCTCTATTATAGTCCTAGCTATTATCCCGTTACTACATACTTCAAAGCAACGAAGCATAATATTCCGACCACTCAGCCAATGTTTATTTTGACTATTAACGGCAGACCTCCTAACCCTAACATGAATCGGAGGACAACCCGTAGAATACCCTTTTACCACCATCGGCCAACTAGCCTCAATCTTATACTTTGTAATTCTCCTCATTCTTCTACCGGTAATCAACATCATCGAAAACAACTTACTAAAATGAAAAACTTAAATGGTCTTCGTA
H17,5,ATGACCAACATCCGAAAGACTCACCCACTAGCCAAAACAATTAACAGTTCATTTATTGATTTACCCACTCCCTCAAATATTTCATCATGATGAAACTTCGGGTCCCTGCTCGGAGTTTGTCTCCTTCTACAGATTGCAACAGGCCTATTCCTGGCCATACACTACACACCAGACACTACTACAGCCTTCTCGTCAATCACTCACATCTGCCGAGACGTAAATTATGGCTGAATTATCCGATACACACACGCCAATGGGGCCTCCATATTCTTTATTTGCCTATTTTTACATGTAGGACGAGGCTTGTACTATGGCTCTTACACTTTCTCCGAAACATGAAACATTGGCATTATCCTACTGCTAGCAGTAATAGCTACCGCTTTTATAGGTTACGTATTACCATGAGGACAAATATCCTTTTGAGGAGCAACAGTAATCACAAATCTTTTATCAGCCATCCCTTACATCGGAACTAACTTAGTAGAATGAATCTGAGGGGGATTCTCAGTCGATAAGGCAACACTAACACGCTTCTTTGCCTTCCATTTTATCCTGCCTTTTATTATCTCATCACTAGCAGCAATTCACCTTTTATTCTTACATGAAACAGGATCAAACAACCCTTCCGGAATTCCATCCAACTCAGATAAAATCCCCTTCCATCCATACTATACAATCAAAGATATCTTAGGTGTTCTGACACTAACCTTCATTCTAATGATACTAGTACTATTTACACCTGACCTACTAGGAGATCCAGACAACTACACCCCAGCTAACCCGCTCAACACCCCTCCCCATATCAAGCCCGAATGATACTTCCTATTTGCATACACTATTCTACGTTCTATCCCAAACAAGTTAGGAGGAGTCCTAGCCCTAGTACTCTCTATTATAGTCCTAGCTATTATCCCGTTACTACATACTTCAAAGCAACGAAGCATAATATTCCGACCACTCAGCCAATGTTTATTTTGACTATTAACGGCAGACCTCCTAACCCTAACATGAATCGGAGGACAACCCGTAGAATACCCTTTTACCACCATCGGCCAACTAGCCTCAATCTTATACTTTGTAATTCTCCTCATTCTTCTACCGGTAATCAACATCATCGAAAACAACTTACTAAAATGAAAAACTTAAATGGTCTTCGTA
H18,11,ATGACCAACATCCGAAAGACTCACCCACTAGCCAAAACAATTAACAGTTCATTTATTGATTTACCCACTCCCTCAAATATTTCATCATGATGAAACTTCGGGTCCCTGCTCGGAGTTTGTCTCCTTCTACAGATTGCAACAGGCCTATTCCTGGCCATACACTACACACCAGACACTACTACAGCCTTCTCGTCAATCACTCACATCTGCCGAGACGTAAATTATGGCTGAATTATCCGATACACACACGCCAATGGGGCCTCCATATTCTTTATTTGCCTATTTTTACATGTAGGACGAGGCTTGTACTATGGCTCTTACACTTTCTCCGAAACATGAAACATTGGCATTATCCTACTGCTAGCAGTAATAGCCACCGCTTTTATAGGTTACGTATTACCATGAGGACAAATATCCTTTTGAGGAGCAACAGTAATCACAAATCTTTTATCAGCCATCCCTTACATCGGAACTAACTTAGTAGAATGAGTCTGAGGGGGATTCTCAGTCGATAAGGCAACACTAACACGCTTCTTTGCCTTCCATTTTATCCTGCCTTTTATTATCTCATCGCTAGCAGTAATTCACCTTTTATTCTTACATGAAACAGGATCAAACAACCCTTCCGGAATTCCATCCAACTCAGATAAAATCCCCTTCCATCCATACTATACAATCAAAGATATCTTAGGTGTTCTGACACTAACCTTCATTCTAATGATACTAGTACTATTTACACCTGACCTACTAGGAGATCCAGACAACTACACCCCAGCTAACCCGCTCAACACCCCTCCCCATATCAAGCCCGAATGATACTTCCTATTTGCATACACTATTCTACGTTCCATCCCAAACAAGTTAGGAGGAGTCCTAGCCCTAGTACTCTCTATTATAGTCCTAGCCATTATCCCGTTACTACATACTTCAAAGCAACGAAGCATAATATTCCGACCACTCAGCCAATGTTTATTTTGACTATTAACGGCAGACCTCCTAACCCTAACATGAATCGGAGGACAACCCGTAGAATACCCTTTTACCACCATCGGCCAACTAGCCTCAATTTTATACTTTGTAATTCTCCTCATTCTTCTACCGGTAATCAACATCATCGAAAACAACTTACTAAAATGAAAAACTTAAATGGTCTTCGTA
H19,3,ATGACCAACATCCGAAAGACTCACCCACTAGCCAAAACAATTAACAGTTCATTTATTGATTTACCCACTCCCTCAAATATTTCATCATGATGAAACTTCGGGTCCCTGCTCGGAGTTTGTCTCCTTCTACAGATTGCAACAGGCCTATTCCTGGCCATACACTACACACCAGACACTACTACAGCCTTCTCGTCAATCACTCACATCTGCCGAGACGTAAATTATGGCTGAATTATCCGATACACACACGCCAATGGGGCCTCCATATTCTTTATTTGCCTATTTTTACATGTAGGACGAGGCTTGTACTATGGCTCTTACACTTTCTCCGAAACATGAAACATTGGCATTATCCTACTGCTAGCAGTAATAGCCACCGCTTTTATAGGTTACGTATTACCATGAGGACAAATATCCTTTTGAGGAGCAACAGTAATCACAAATCTTTTATCAGCCATCCCTTACATCGGAACTGACTTAGTAGAATGAGTCTGAGGGGGATTCTCAGTCGATAAGGCAACACTAACACGCTTCTTTGCCTTCCATTTTATCCTGCCTTTTATCATCTCATCGCTAGCAGTAATTCACCTTTTATTCTTACATGAAACAGGATCAAACAACCCTTCCGGAATTCCATCCAACTCAGATAAAATCCCCTTCCATCCATACTATACAATCAAAGATATCTTAGGTGTTCTGACACTAACCTTCATTCTAATGATACTAGTACTATTTACACCTGACCTACTAGGAGATCCAGACAACTACACCCCAGCTAACCCGCTCAACACCCCTCCCCATATCAAGCCCGAATGATACTTCCTATTTGCATACACTATTCTACGTTCCATCCCAAACAAGTTAGGAGGAGTCCTAGCCCTAGTACTCTCTATTATAGTCCTAGCCATTATCCCGTTACTACATACTTCAAAGCAACGAAGCATAATATTCCGACCACTCAGCCAATGTTTATTTTGACTATTAACGGCAGACCTCCTAACCCTAACATGAATCGGAGGACAACCCGTAGAATACCCTTTTACCACCATCGGCCAACTAGCCTCAATCTTATACTTTGTAATTCTCCTCATTCTTCTACCGGCAATCAACATCATCGAAAACAACTTACTAAAATGAAAAACTTAAATGGTCTTCGTA
H20,1,ATGACCAACATCCGAAAGACTCACCCACTAGCCAAAACAATTAACAGTTCATTTATTGATTTACCCACTCCCTCAAATATTTCATCATGATGAAACTTCGGGTCCCTGCTCGGAGTTTGTCTCCTTCTACAGATTGCAACAGGCCTATTCCTGGCCATACACTACACACCAGACACTACTACAGCCTTCTCGTCAATCACTCACATCTGCCGAGACGTAAATTATGGCTGAATTATCCGATACACACACGCCAATGGGGCCTCCATATTCTTTATTTGCCTATTTTTACATGTAGGACGAGGCTTGTACTATGGCTCTTACACTTTCTCCGAAACATGAAACATTGGCATTATCCTACTGCTAGCAGTAATAGCCACCGCTTTTATAGGTTACGTATTACCATGAGGACAAATATCCTTTTGAGGAGCAACAGTAATCACAAATCTTTTATCAGCCATCCCTTACATCGGAACTAACTTAGTAGAATGAGTCTGAGGGGGATTCTCAGTCGATAAGGCAACACTAACACGCTTCTTTGCCTTCCATTTTATCCTGCCTTTTATTATCTCATCGCTAGCAGTAATTCACCTTTTATTCTTACATGAAACAGGATCAAACAACCCTTCCGGAATTCCATCCAACTCAGATAAAATCCCCTTCCATCCATACTATACAATCAAAGATATCTTAGGTGTTCTGACACTAACCTTCATTCTAATGATACTAGTACTATTTACACCTGACCTACTAGGAGATCCAGACAACTACACCCCAGCTAACCCGCTCAACACCCCTCCCCATATCAAGCCCGAATGATACTTCCTATTTGCATACACTATTCTACGTTCCATCCCAAACAAGTTAGGAGGAGTCCTAGCCCTAGTACTCTCTATTATAGTCCTAGCCATTATCCCGTTACTACATACTTCAAAGCAACGAAGCATAATATTCCGACCACTCAGCCAATGTTTATTTTGACTATTAACGGCAGACCTCCTAACCCTAACATGAATCGGAGGACAACCCGTAGAATACCCTTTTACCACCATCGGCCAACTAGCCTCAATTTTATACTTTGTAATTCTCCTCATTCTTCTACCGGTAATCAACATCATCGAAAACAACTTACTAAAATGAAAAACTTAAATGG--------
